LIFEFORM,FAMILY,GENUS,SPECIES,sp,SP6,sum_part1,sum_part2,sum_part5,n_years,n_traps,total_seeds_sum,proportion_abscised_median,proportion_abscised_mean
TREE,Euphorbiacea,Hieronyma,alchorneoide,HYEL,HYERAL,234345,56549,228924,33,246,519818,0.479178603,0.48043422
UNDERSTORY,Rubiaceae,Alseis,blackiana,ALSB,ALSEBL,143319,319850,12873,33,338,344107,0.074609741,0.115207702
TREE,Tiliaceae,Luehea,seemannii,LUE1,LUEHSE,3796,205610,2548,33,411,211953,0.013211238,0.022516514
TREE,Bignoniaceae,Jacaranda,copaia,JACC,JAC1CO,226,205206,3940,33,443,209145,0.028301887,0.064282745
TREE,Meliaceae,Trichilia,tuberculata,TRI3,TRI2TU,15858,45265,41994,32,396,103117,0.331865748,0.357374231
LIANA,Malpighiacea,Mascagnia,ovatifolia,MASN,MASCNE,45505,231,43206,33,395,88855,0.532168584,0.524680647
TREE,Cecropiaceae,Cecropia,insignis,CECI,CECRIN,171,99159,139,30,189,57751,0.001512869,0.003941695
UNDERSTORY,Rubiaceae,Faramea,occidentalis,FARO,FARAOC,17511,16501,22589,33,401,56589,0.425763097,0.396336041
MIDSTORY,Ulmaceae,Trema,micrantha,TREM,TREMMI,13888,3826,36532,30,61,54219,0.683132747,0.602731011
UNDERSTORY,Euphorbiacea,Alchornea,costaricensi,ALCC,ALCHCO,8074,8950,30110,33,131,47100,0.580550418,0.509656895
SHRUB,Violaceae,Hybanthus,prunifolius,HYBP,HYBAPR,874,42113,3672,32,374,46659,0.086967931,0.105687759
MIDSTORY,Flacourtiace,Casearia,arborea,CAS2,CASEAR,16821,13437,15257,32,39,45506,0.335907336,0.351385898
TREE,Bombacaceae,Quararibea,asterolepis,QUA1,QUARAS,15778,15932,12350,32,332,44060,0.30618661,0.310861723
MIDSTORY,Arecaceae,Oenocarpus,mapora,OENM,OENOMA,3744,1760,26021,33,244,31525,0.856330014,0.830401291
LIANA,Sapindaceae,Thinouia,myriantha,THIM,THINMY,19173,35,9434,33,303,28614,0.324336197,0.314863414
TREE,Combretaceae,Terminalia,amazonia,TERA,TERMAM,12774,107,14331,33,406,26058,0.422745098,0.496256849
TREE,Rutaceae,Zanthoxylum,ekmanii,ZANB,ZANTBE,4702,4292,15614,30,200,24451,0.709114658,0.548772431
TREE,Nyctaginacea,Guapira,standleyana,GUAS,GUAPST,3590,1652,18044,33,182,23239,0.815905744,0.772061214
UNDERSTORY,Melastomatac,Miconia,argentea,MIC2,MICOAR,5822,22,16914,31,24,22750,0.756434393,0.75074221
MIDSTORY,Boraginaceae,Cordia,bicolor,CORB,CORDBI,4966,5174,8869,32,265,19009,0.472015032,0.476649358
TREE,Moraceae,Brosimum,alicastrum,BROA,BROSAL,6837,5238,6426,32,191,18501,0.382226135,0.371316435
TREE,Lauraceae,Beilschmiedi,pendula,BEIP,BEILPE,1867,989,14357,32,155,17212,0.824578791,0.776136295
TREE,Tiliaceae,Apeiba,membranacea,APEM,APEIME,332,14563,311,33,80,15206,0.026923077,0.048885986
LIANA,Malpighiacea,Hiraea,reclinata,HIR1,HIRARE,5414,16,9538,32,308,14968,0.671255411,0.638910752
LIANA,Sapindaceae,Serjania,mexicana,SERM,SERJME,9060,4,5736,32,190,14446,0.4375,0.397723719
TREE,Araliaceae,Dendropanax,arboreus,DENA,DENDAR,1660,4364,6823,32,197,12847,0.470455065,0.505837767
TREE,Boraginaceae,Cordia,alliodora,CORA,CORDAL,10656,335,1699,32,188,11758,0.129779838,0.168166532
TREE,Burseraceae,Tetragastris,panamensis,TET2,TET2PA,553,3936,7105,33,220,11594,0.674074074,0.58958709
TREE,Rutaceae,Zanthoxylum,acuminatum,ZAN2,ZANTPR,3675,2520,2919,28,26,9028,0.428890617,0.417969544
UNDERSTORY,Simaroubacea,Simarouba,amara,SIMA,SIMAAM,774,1375,6096,32,157,8245,0.803825494,0.774875957
LIANA,Sapindaceae,Serjania,circumvallat,SER1,SERJCI,5573,35,2768,32,247,8176,0.191262542,0.2453887
TREE,Anacardiacea,Anacardium,excelsum,ANAE,ANACEX,1066,227,6057,32,84,7350,0.857092598,0.825535882
LIANA,Malpighiacea,Mascagnia,hiraea,MASH,MASCHI,3978,18,3241,32,173,7235,0.482965932,0.47801812
TREE,Annonaceae,Guatteria,dumetorum,GUAD,GUATDU,674,2574,3765,33,265,7013,0.630057803,0.582529357
MIDSTORY,Chrysobalana,Hirtella,triandra,HIRT,HIRTTR,491,1009,5127,33,214,6625,0.798476885,0.788890087
LIANA,Dilleniaceae,Doliocarpus,major,DOL1,DOLIMA,970,4379,1191,33,262,6441,0.197439014,0.219794064
TREE,Flacourtiace,Laetia,procera,LAEP,LAETPR,723,3915,1746,33,53,6384,0.262589928,0.320238824
SHRUB,Melastomatac,Miconia,affinis,MIC1,MICOAF,2808,3,2902,26,29,5693,0.507557677,0.496462763
MIDSTORY,Polygonaceae,Triplaris,cumingiana,TRIC,TRIPCU,2450,5,3545,31,73,5621,0.646634615,0.616327089
UNDERSTORY,Flacourtiace,Hasseltia,floribunda,HASF,HASSFL,2529,1614,1318,32,150,5448,0.21978022,0.22718772
MIDSTORY,Rutaceae,Zanthoxylum,panamense,ZAN1,ZANTP1,2787,1616,1129,26,94,5397,0.303240454,0.382182866
SHRUB,Melastomatac,Mouriri,myrtilloides,MOUM,MOURMY,780,1840,2562,33,267,5182,0.521276596,0.532455584
TREE,Sapotaceae,Chrysophyllu,cainito,CHRC,CHR2CA,182,1522,3785,33,179,4842,0.508474576,0.52804525
LIANA,Dilleniaceae,Tetracera,hydrophila,TETH,TET1HY,296,425,3806,32,105,4416,0.772666388,0.725356191
SHRUB,Rubiaceae,Palicourea,guianensis,PALG,PALIGU,1225,3040,813,32,163,4334,0.104417671,0.201217216
SHRUB,Rubiaceae,Psychotria,horizontalis,PYHO,PSYCHO,926,3573,273,32,190,4279,0.060759883,0.073535972
TREE,Burseraceae,Protium,tenuifolium,PROT,PROTTE,256,1086,2945,33,174,4218,0.685714286,0.657542082
UNDERSTORY,Rhizophorace,Cassipourea,elliptica,CAS3,CASSEL,1693,404,2100,32,30,4194,0.531331169,0.527515546
UNDERSTORY,Combretaceae,Terminalia,oblonga,TERO,TERMOB,1335,20,2777,33,126,4110,0.527385658,0.523148172
TREE,Fabaceae:Pap,Dipteryx,oleifera,DIPP,DIPTPA,1854,216,1907,33,107,3935,0.325226244,0.413531304
TREE,Sapotaceae,Pouteria,reticulata,POUU,POUTRE,334,851,2757,30,159,3915,0.670864751,0.61864258
MIDSTORY,Olacaceae,Heisteria,concinna,HEIC,HEISCO,1538,890,1497,33,192,3872,0.386363636,0.373899239
TREE,Euphorbiacea,Drypetes,standleyi,DRYS,DRYPST,576,902,2268,28,106,3740,0.488782051,0.484818777
MIDSTORY,Meliaceae,Guarea,guidonia,GUA2,GUARGU,189,2652,925,33,204,3670,0.251992442,0.332677959
LIANA,Polygonaceae,Coccoloba,parimensis,COCP,COCCP1,832,1233,1457,27,188,3481,0.299711816,0.329287672
TREE,Myristicacea,Virola,surinamensis,VIR2,VIROSU,502,1461,1487,33,223,3450,0.397435897,0.418369474
LIANA,Bignoniaceae,Tynnanthus,croatianus,TYNC,TYNNCR,343,4566,225,31,161,3381,0.075697211,0.207699199
MIDSTORY,Annonaceae,Unonopsis,pittieri,UNOP,UNONPI,1058,225,2027,33,74,3297,0.604938272,0.565298331
TREE,Myristicacea,Virola,sebifera,VIR1,VIROSE,952,1112,1245,33,192,3262,0.271498418,0.320161317
UNDERSTORY,Myrtaceae,Eugenia,oerstediana,EUGO,EUGEOE,640,2322,517,32,252,3233,0.156862745,0.194437094
TREE,Fabaceae:Pap,Platypodium,elegans,PLAE,PLA2EL,729,11,2530,32,88,3218,0.764705882,0.637739974
UNDERSTORY,Rubiaceae,Coussarea,curvigemmia,COUC,COU2CU,604,982,1561,31,157,3125,0.413173653,0.404158028
LIANA,Dilleniaceae,Doliocarpus,multiflorus,DOL2,DOLIMU,995,901,1196,28,98,3055,0.516666667,0.479866684
LIANA,Ulmaceae,Celtis,iguanaeus,CELI,CELTIG,259,1303,1476,30,143,2964,0.590361446,0.545395857
LIANA,Dilleniaceae,Davilla,nitida,DAVN,DAVINI,522,2478,238,25,229,2923,0.25,0.287204879
MIDSTORY,Arecaceae,Socratea,exorrhiza,SOCE,SOCREX,297,241,2332,32,60,2870,0.728112175,0.742092068
TREE,Bignoniaceae,Tabebuia,guayacan,TABG,TAB1GU,10,4964,18,29,159,2865,0.009302326,0.016376165
TREE,Anacardiacea,Spondias,mombin,SPOM,SPONMO,1347,394,1103,32,114,2825,0.401086957,0.408500161
LIANA,Hippocrateac,Hippocratea,volubilis,HIPV,HIPPVO,123,2362,344,33,135,2814,0.121323529,0.160462703
UNDERSTORY,Boraginaceae,Cordia,lasiocalyx,CORL,CORDLA,664,1067,899,32,187,2630,0.320134576,0.305118317
LIANA,Dilleniaceae,Doliocarpus,olivaceus,DOLO,DOLIOL,88,1596,939,32,155,2610,0.285714286,0.351334148
MIDSTORY,Meliaceae,Trichilia,pallida,TRI1,TRI2PA,588,502,1483,26,70,2526,0.618243243,0.559348876
LIANA,Convolvulace,Maripa,panamensis,MARP,MAR2PA,235,1103,892,32,207,2230,0.379280822,0.390851196
LIANA,Combretaceae,Combretum,decandrum,COMD,COMBDE,1119,3,1271,32,110,2211,0.652865449,0.569959504
UNDERSTORY,Myrtaceae,Eugenia,coloradoensi,EUGC,EUGECO,321,173,1684,26,58,2149,0.700636943,0.684040381
TREE,Fabaceae:Cae,Prioria,copaifera,PRIC,PRI2CO,661,9,1479,33,51,2148,0.704736941,0.689006828
UNDERSTORY,Rubiaceae,Randia,armata,RANA,RANDAR,53,4166,40,31,199,2053,0.022988506,0.051062371
TREE,Elaeocarpace,Sloanea,terniflora,SLOT,SLOATE,539,281,1254,30,41,2028,0.596846847,0.555391295
MIDSTORY,Cecropiaceae,Cecropia,obtusifolia,CECO,CECROB,9,2589,9,10,28,1963,0.005791506,0.006603328
TREE,Moraceae,Ficus,insipida,FIIN,FICUIN,81,6638,25,29,159,1826,0.016042781,0.12811308
LIANA,Combretaceae,Combretum,laxum,COML,COMBLA,1243,5,566,24,27,1801,0.285714286,0.387776172
LIANA,Bignoniaceae,Pithecocteni,crucigerum,PITC,PIT2CR,2,2219,81,33,173,1694,0.022727273,0.057992368
UNDERSTORY,Fabaceae:Mim,Inga,marginata,INMA,INGAMA,110,1528,143,32,203,1569,0.081632653,0.137579952
LIANA,Malpighiacea,Tetrapterys,discolor,TETD,TET3DI,807,7,686,32,75,1470,0.559139785,0.519742081
UNDERSTORY,Annonaceae,Desmopsis,panamensis,DESP,DES2PA,127,1322,109,33,220,1439,0.102362205,0.110109306
TREE,Meliaceae,Guarea,grandifolia,GUA1,GUARGR,152,940,588,33,77,1228,0.298245614,0.373098703
LIANA,Bignoniaceae,Amphilophium,paniculatum,AMPP,AMPHPA,1,2819,11,32,123,1220,0.008705155,0.014450708
TREE,Clusiaceae,Garcinia,intermedia,RHEE,GAR2IN,149,558,520,31,95,1180,0.355654762,0.44408946
SHRUB,Moraceae,Sorocea,affinis,SORA,SOROAF,169,979,363,29,189,1134,0.127901235,0.245950416
TREE,Fabaceae:Pap,Platymiscium,pinnatum,PLAP,PLA1PI,471,34,641,31,73,1125,0.68115942,0.606867882
LIANA,Fabaceae,Machaerium,isadelphum,MAC1,MACHM1,496,NA,640,19,33,1114,0.633779264,0.629963296
SHRUB,Flacourtiace,Casearia,sylvestris,CASS,CASESY,335,40,786,28,11,1101,0.763513514,0.669178484
TREE,Moraceae,Poulsenia,armata,POUA,POULAR,96,789,164,33,112,1041,0.203917051,0.233820304
LIANA,Sapindaceae,Serjania,decapleuria,SERD,SERJDE,758,37,518,31,23,1037,0.267748479,0.386695738
TREE,Bombacaceae,Ceiba,pentandra,CEIP,CEIBPE,5,1636,10,10,118,991,0.021222411,0.083926846
TREE,Anacardiacea,Spondias,radlkoferi,SPOR,SPONRA,317,526,205,32,115,967,0.211111111,0.226737633
LIANA,Malpighiacea,Stigmaphyllo,lindenianum,STIL,STIGLI,707,11,250,30,77,914,0.225396825,0.259591814
TREE,Apocynaceae,Tabernaemont,arborea,TABA,TAB2AR,37,1182,54,32,105,900,0.076923077,0.092575992
TREE,Bignoniaceae,Tabebuia,rosea,TABR,TAB1RO,6,7308,4,32,273,896,0.004435784,0.005446755
LIANA,Sapindaceae,Paullinia,fibrigera,PAUF,PAULFI,100,589,209,32,162,871,0.142857143,0.228704213
LIANA,Hippocrateac,Prionostemma,aspera,PRIA,PRI1AS,9,650,221,32,115,802,0.287309048,0.337579809
LIANA,Verbenaceae,Aegiphila,cephalophora,AEGC,AEGICE,135,918,176,31,116,783,0.1,0.183571429
MIDSTORY,Sterculiacea,Guazuma,ulmifolia,GUAU,GUAZUL,512,2,215,33,24,720,0.25,0.31815595
LIANA,Malpighiacea,Tetrapterys,tinifolia,TETM,TET3MA,514,5,245,28,31,716,0.333333333,0.343174886
TREE,Anacardiacea,Astronium,graveolens,ASTG,AST2GR,263,10,423,20,38,684,0.640762463,0.638393026
LIANA,Verbenaceae,Petrea,volubilis,PETA,PETRAS,446,3,232,32,94,678,0.326086957,0.35773728
UNDERSTORY,Sapindaceae,Cupania,seemannii,CUPS,CUPASY,42,435,210,17,50,676,0.375,0.364317826
MIDSTORY,Myristicacea,Virola,multiflora,VIR3,VIROSP,153,281,192,32,42,594,0.294117647,0.355748422
LIANA,Malpighiacea,Hiraea,smilacina,HIRQ,HIRAQU,431,1,138,21,59,558,0.5,0.455543904
LIANA,Sapindaceae,Paullinia,turbacensis,PAUT,PAULTU,36,412,200,32,135,549,0.30952381,0.350738074
LIANA,Apocynaceae,Forsteronia,viridescens,FORV,FORSVI,182,240,237,13,32,519,0.625,0.510146245
SHRUB,Solanaceae,Solanum,hayesii,SOLH,SOLAHA,43,1153,31,23,68,496,0.20754717,0.265146096
UNDERSTORY,Flacourtiace,Casearia,aculeata,CAS1,CASEAC,199,250,161,12,8,486,0.438095238,0.415008318
TREE,Lauraceae,Ocotea,oblonga,OCOO,OCOTOB,99,198,243,23,90,485,0.333333333,0.425894853
UNDERSTORY,Flacourtiace,Lindackeria,laurina,LINL,LINDLA,25,225,330,30,95,484,0.568376068,0.544590163
LIANA,Bignoniaceae,Arrabidaea,patellifera,ARRP,ARRAPA,27,886,17,28,106,477,0.111111111,0.154997235
MIDSTORY,Annonaceae,Annona,spraguei,ANNS,ANNOSP,25,2220,6,25,56,452,0.016,0.017711422
UNDERSTORY,Lecythidacea,Gustavia,superba,GUSS,GUSTSU,147,182,127,32,55,425,0.296703297,0.312589603
TREE,Clusiaceae,Calophyllum,longifolium,CAL2,CALOLO,161,145,193,31,69,405,0.333333333,0.34691693
TREE,Apocynaceae,Lacmellea,panamensis,LACP,LACMPA,53,315,99,32,111,401,0.327380952,0.314932796
UNDERSTORY,Simaroubacea,Picramnia,latifolia,PICL,PICRLA,180,161,155,9,17,397,0.333333333,0.325615465
TREE,Lauraceae,Ocotea,whitei,OCOS,OCOTWH,113,56,252,24,28,393,0.666666667,0.600644929
LIANA,Fabaceae:fab,Rhynchosia,pyramidalis,RHYP,RHYCPY,24,320,99,28,64,390,0.291666667,0.285600365
UNDERSTORY,Arecaceae,Astrocaryum,standleyanum,ASTS,AST1ST,143,70,240,30,32,387,0.421052632,0.504187065
TREE,Fabaceae:Pap,Lonchocarpus,heptaphyllus,LONL,LONCLA,244,7,139,19,51,362,0.357142857,0.405399915
LIANA,Hippocrateac,Anthodon,panamense,ANTP,ANTHPA,2,465,35,30,74,336,0.094117647,0.145912113
TREE,Lauraceae,Cinnamomum,triplinerve,PHOM,PHOECI,93,220,68,16,59,328,0.322916667,0.357648605
TREE,Vochysiaceae,Vochysia,ferruginea,VOCF,VOCHFE,15,185,141,18,6,313,0.442307692,0.422944498
UNDERSTORY,Myrtaceae,Eugenia,nesiotica,EUGN,EUGENE,43,73,167,21,35,275,0.4,0.456573072
TREE,Burseraceae,Trattinnicki,aspera,TRAA,TRATAS,34,681,24,32,164,271,0.066666667,0.12517248
SHRUB,Capparaceae,Capparis,frondosa,CAPF,CAPPFR,12,221,66,30,42,257,0.3,0.292972937
LIANA,Sapindaceae,Paullinia,baileyi,PAU1,PAULBA,40,130,116,27,68,253,0.4,0.46242249
TREE,Clusiaceae,Garcinia,madruno,RHEA,GAR2MA,7,27,220,4,6,251,0.616997354,0.616997354
SHRUB,Flacourtiace,Lacistema,aggregatum,LACA,LACIAG,161,30,73,14,17,250,0.333333333,0.427049236
LIANA,Bignoniaceae,Macfadyena,unguis-cati,MACU,MACFUN,5,2621,1,32,169,245,0.004081633,0.004081633
TREE,Fabaceae:Pap,Pterocarpus,rohrii,PTER,PTERRO,330,6,14,18,16,238,0.089527027,0.082957958
LIANA,Bignoniaceae,Phryganocydi,corymbosa,PHRC,PHRYCO,4,238,168,28,74,229,0.058823529,0.323852912
SHRUB,Melastomatac,Clidemia,octona,CLIO,CLIDOC,120,1,113,15,10,221,0.477272727,0.532794301
MIDSTORY,Euphorbiacea,Sapium,glandulosum,SAPG,SAPIAU,41,286,56,30,79,213,0.153846154,0.225783143
TREE,Olacaceae,Heisteria,acuminata,HEIA,HEISAC,59,82,92,30,43,209,0.333333333,0.405921351
SHRUB,Ochnaceae,Ouratea,lucens,OURL,OURALU,97,61,103,30,54,201,0.4,0.416959925
UNDERSTORY,Flacourtiace,Laetia,thamnia,LAET,LAETTH,15,149,66,24,34,196,0.30952381,0.368377061
LIANA,Loganiaceae,Strychnos,panamensis,STRP,STRYPA,34,205,57,27,57,189,0.333333333,0.403418803
TREE,Chrysobalana,Licania,platypus,LICP,LICAPL,5,13,221,17,11,183,0.967095497,0.954579495
TREE,Lauraceae,Nectandra,cissiflora,NECC,NECTCI,96,35,64,16,21,182,0.4375,0.427770686
SHRUB,Rubiaceae,Psychotria,marginata,PYMA,PSYCMA,92,124,45,21,53,181,0.277777778,0.231906869
TREE,Lauraceae,Ocotea,puberula,OCOP,OCOTPU,21,391,14,26,130,155,0.177865613,0.2037141
TREE,Euphorbiacea,Hura,crepitans,HURC,HURACR,7,86,84,32,33,140,0.5,0.469870664
SHRUB,Euphorbiacea,Adelia,triloba,ADET,ADE1TR,54,163,30,21,14,139,0.194444444,0.261406054
SHRUB,Rubiaceae,Psychotria,acuminata,PYAC,PSYCAC,42,216,38,23,55,136,0.25,0.367342368
LIANA,Verbenaceae,Aegiphila,elata,AEGE,AEGIEL,19,284,9,16,57,129,0.03030303,0.052162996
TREE,Bombacaceae,Cavanillesia,platanifolia,CAVP,CAVAPL,62,1,81,18,21,109,0.416666667,0.503968254
LIANA,Malpighiacea,Heteropteris,laurifolia,HETL,HETELA,59,NA,61,11,25,109,0.34045584,0.429843305
TREE,Sapotaceae,Chrysophyllu,argenteum,CHRA,CHR2AR,9,148,43,23,61,108,0.333333333,0.404147133
LIANA,Bignoniaceae,Callichlamys,latifolia,CAL1,CALLLA,NA,470,9,32,94,107,0.112745098,0.142186963
UNDERSTORY,Sapindaceae,Talisia,nervosa,TALN,TALINE,17,8,118,8,6,106,0.623376623,0.623376623
LIANA,Malpighiacea,Banisteriops,cornifolia,BANC,BANICO,40,3,190,23,18,105,0.625,0.587226996
MIDSTORY,Tiliaceae,Trichospermu,galeottii,TRI6,TRI4GA,7,200,15,22,21,105,0.238095238,0.299047619
LIANA,Bignoniaceae,Paragonia,pyramidata,PARP,PAR1PY,6,2020,2,32,113,94,0.089015152,0.089015152
TREE,Rubiaceae,Genipa,americana,GENA,GENIAM,6,1398,14,30,45,86,0.14690027,0.208866801
MIDSTORY,Annonaceae,Mosannona,garwoodii,CRES,MALMSP,21,148,20,29,86,85,0.181818182,0.214787879
LIANA,Bignoniaceae,Cydista,aequinoctial,CYDA,CYDIAE,4,881,1,33,143,72,0.013888889,0.013888889
LIANA,Fabaceae,Entada,gigas,ENTM,ENTAMO,6,64,25,21,21,71,0.285714286,0.287063091
MIDSTORY,Annonaceae,Xylopia,macrantha,XYLM,XYL1MA,6,172,24,30,45,68,0.236111111,0.287057387
TREE,Tiliaceae,Apeiba,tibourbou,APET,APEITI,5,61,7,4,21,67,0.105357143,0.105357143
LIANA,Menispermace,Abuta,racemosa,ABUR,ABUTRA,7,155,27,29,83,65,0.428571429,0.411551287
LIANA,Connaraceae,Connarus,turczaninowi,CONT,CONNTU,5,58,24,14,25,62,0.42,0.373333333
LIANA,Connaraceae,Cnestidium,rufescens,CNER,CNESRU,9,14,39,7,8,61,0.666666667,0.657051282
LIANA,Sapindaceae,Paullinia,glomerulosa,PAU4,PAULG2,17,30,53,19,28,58,0.573529412,0.508858543
UNDERSTORY,Simaroubacea,Quassia,amara,QUA2,QUASAM,1,9,58,9,19,56,0.982142857,0.982142857
UNDERSTORY,Fabaceae:Mim,Inga,acuminata,INAC,INGAS1,1,96,6,12,30,55,0.2,0.265557809
LIANA,Bignoniaceae,Ceratophytum,tetragonolob,CERT,CERATE,1,211,3,27,57,53,0.120833333,0.120833333
UNDERSTORY,Fabaceae:Mim,Inga,thibaudiana,INTH,INGATH,1,38,27,14,15,48,0.392857143,0.355316558
UNDERSTORY,Fabaceae:Pap,Swartzia,simplex_var.,SWA2,SWARS2,18,81,12,28,55,48,0.452380952,0.403380245
TREE,Bombacaceae,Pseudobombax,septenatum,PSE1,PSE1SE,1,236,9,32,43,46,0.2,0.219376026
UNDERSTORY,Arecaceae,Attalea,butyracea,ATTB,SCH1ZO,6,14,41,12,10,42,0.572972973,0.572972973
TREE,Clusiaceae,Symphonia,globulifera,SYMG,SYMPGL,8,5,36,13,10,42,0.8,0.676515152
LIANA,Sapindaceae,Serjania,atrolineata,SERA,SERJAT,44,1,99,16,27,40,0.375,0.466911765
LIANA,Fabaceae,Machaerium,pittieri,MACA,MACHAR,52,10,22,19,20,38,0.5,0.506666667
LIANA,Bignoniaceae,Arrabidaea,candicans,ARR1,ARRACA,6,578,2,24,107,37,0.054054054,0.054054054
UNDERSTORY,Sapindaceae,Allophylus,psilospermus,ALLP,ALLOPS,2,144,6,18,42,35,0.25,0.244642857
SHRUB,Nyctaginacea,Neea,amplifolia,NEEA,NEEAAM,11,35,28,22,31,34,0.557692308,0.540064103
LIANA,Sapindaceae,Serjania,trachygona,SERT,SERJTR,126,1,6,10,19,33,0.2,0.330555556
TREE,Fabaceae:Cae,Tachigali,versicolor,TACV,TACHVE,59,1,140,8,22,33,0.466165414,0.466165414
UNDERSTORY,Fabaceae:Mim,Inga,sapindoides,INSA,INGASA,5,96,7,22,31,28,0.166666667,0.277777778
UNDERSTORY,Fabaceae:Pap,Andira,inermis,ANDI,ANDIIN,1,NA,25,1,1,26,0.961538462,0.961538462
UNDERSTORY,Sapindaceae,Cupania,rufescens,CUPR,CUPARU,NA,47,7,17,31,26,0.27443609,0.27443609
SHRUB,Rubiaceae,Psychotria,hoffmannsegg,PYFU,PSYCFU,3,327,8,31,99,26,0.333333333,0.404761905
LIANA,Sapindaceae,Serjania,paucidentata,SER3,SERJPA,26,NA,9,5,7,25,0.24,0.24
MIDSTORY,Lauraceae,Ocotea,cernua,OCOC,OCOTCE,13,245,3,29,121,21,0.142857143,0.142857143
LIANA,Aristolochia,Aristolochia,tonduzii,ARIC,ARISTO,NA,92,1,21,30,17,0.058823529,0.058823529
LIANA,Sapindaceae,Paullinia,pterocarpa,PAU6,PAULPT,1,8,7,4,2,16,0.45,0.454166667
TREE,Burseraceae,Protium,panamense,PROP,PROTPA,2,44,16,18,38,15,0.5,0.509259259
LIANA,Sapindaceae,Paullinia,bracteosa,PAU2,PAULBR,4,15,16,10,9,14,0.651515152,0.651515152
TREE,Flacourtiace,Zuelania,guidonia,ZUEG,ZUELGU,8,28,2,13,16,13,0.153846154,0.153846154
LIANA,Combretaceae,Combretum,fruticosum,COMF,COMBFR,7,NA,7,6,7,12,0.416666667,0.416666667
TREE,Flacourtiace,Tetrathylaci,johansenii,TETJ,TET4JO,10,5,38,14,9,10,0.625,0.625
TREE,Moraceae,Brosimum,utile,BROU,BROSUT,1,11,4,4,5,9,0.333333333,0.333333333
UNDERSTORY,Sapindaceae,Cupania,latifolia,CUPL,CUPALA,NA,38,5,18,31,7,0.714285714,0.714285714
MIDSTORY,Myrtaceae,Eugenia,galalonensis,EUGG,EUGEGA,3,44,2,14,29,7,0.35,0.35
LIANA,Fabaceae,Dioclea,wilsonii,DIOW,DIOCWI,3,5,12,13,6,6,0.5,0.5
LIANA,Bignoniaceae,Pleonotoma,variabilis,PLEV,PLEOVA,NA,88,1,22,46,6,0.166666667,0.166666667
LIANA,Fabaceae,Machaerium,seemanii,MACS,MACHSE,9,NA,4,5,5,5,0.6,0.6
MIDSTORY,Moraceae,Maquira,guianensis,MAQC,MAQUCO,2,5,10,5,6,5,0.8,0.8
LIANA,Euphorbiacea,Omphalea,diandra,OMPD,OMPHDI,5,1,31,20,7,5,0.416666667,0.416666667
LIANA,Polygalaceae,Securidaca,diversifolia,SECD,SECUDI,5,2,3,4,5,5,0.4,0.4
UNDERSTORY,Annonaceae,Annona,acuminata,ANNA,ANNOAC,NA,91,1,10,14,4,0.25,0.25
UNDERSTORY,Polygonaceae,Coccoloba,coronata,COCC,COCCCO,6,65,2,15,40,4,0.5,0.5
SHRUB,Rubiaceae,Hamelia,axillaris,HAM1,HAMEAX,3,5,1,4,5,4,0.25,0.25
SHRUB,Rubiaceae,Psychotria,chagrensis,PYCH,PSYCCH,NA,2,3,2,4,4,0.75,0.75
UNDERSTORY,Arecaceae,Bactris,major,BACM,BACTMA,1,1,2,2,2,3,0.666666667,0.666666667
MIDSTORY,Polygonaceae,Coccoloba,manzinellens,COCM,COCCMA,3,30,7,14,22,3,0.666666667,0.666666667
MIDSTORY,Chrysobalana,Licania,hypoleuca,LICH,LICAHY,6,9,2,7,5,3,0.333333333,0.333333333
TREE,Cecropiaceae,Pourouma,bicolor,POUB,POURBI,NA,102,1,22,41,3,0.333333333,0.333333333
UNDERSTORY,Clusiaceae,Chrysochlamy,eclipes,TOVN,CHR1EC,3,4,6,9,6,3,0.666666667,0.666666667
LIANA,Menispermace,Chondrodendr,tomentosum,CHOT,CHONTO,10,54,1,15,30,2,0.5,0.5
LIANA,Connaraceae,Connarus,panamensis,CONP,CONNPA,1,7,1,5,8,2,0.5,0.5
LIANA,Gnetaceae,Gnetum,leyboldii,GNEL,GNETLE,4,8,1,11,13,2,0.5,0.5
LIANA,Sapindaceae,Serjania,cornigera,SER2,SERJCO,11,NA,2,5,6,2,0.5,0.5
LIANA,Dilleniaceae,Tetracera,portobellens,TET1,TET1PO,5,36,1,8,25,2,0.5,0.5
LIANA,Fabaceae,Entadopsis,polystachya,ADEP,ADE4PO,NA,83,1,27,11,0,NA,NA
SHRUB,Rubiaceae,Alibertia,edulis,ALIE,ALIBED,NA,98,NA,7,10,0,NA,NA
SHRUB,Rubiaceae,Amaioua,corymbosa,AMAC,AMAICO,NA,2,NA,1,1,0,NA,NA
UNDERSTORY,Annonaceae,Annona,hayesii,ANNH,ANNOHA,NA,30,NA,3,5,0,NA,NA
TREE,Rubiaceae,Pittoniotis,trichantha,ANTT,ANTITR,NA,18,NA,3,7,0,NA,NA
SHRUB,Myrsinaceae,Ardisia,bartlettii,ARDB,ARDIBA,NA,14,NA,9,8,0,NA,NA
SHRUB,Myrsinaceae,Ardisia,fendleri,ARDF,ARDIFE,NA,6,NA,5,5,0,NA,NA
LIANA,Bignoniaceae,Arrabidaea,verrucosa,ARRV,ARRAVE,3,338,NA,23,74,0,NA,NA
TREE,Apocynaceae,Aspidosperma,spruceanum,ASPC,ASPICR,NA,89,3,19,26,0,NA,NA
UNDERSTORY,Arecaceae,Bactris,coloradonis,BAC2,BACTC2,NA,2,NA,2,2,0,NA,NA
TREE,Bombacaceae,Pachira,sessilis,BOMS,POCHSE,NA,14,NA,9,5,0,NA,NA
MIDSTORY,Malpighiacea,Byrsonima,spicata,BYRS,BYRSSP,NA,7,NA,5,7,0,NA,NA
SHRUB,Flacourtiace,Casearia,guianensis,CASG,CASEGU,10,12,NA,4,2,0,NA,NA
TREE,Meliaceae,Cedrela,odorata,CEDO,CEDROD,NA,19,NA,10,17,0,NA,NA
TREE,Ochnaceae,Cespedesia,spathulata,CES1,CESPMA,NA,226,NA,9,28,0,NA,NA
SHRUB,Asteraceae,Chromolaena,odorata,CHRO,,8,31,NA,7,24,0,NA,NA
LIANA,Fabaceae,Clitoria,javitensis,CLIJ,CLITJA,NA,18,2,12,11,0,NA,NA
UNDERSTORY,Arecaceae,Desmoncus,orthacanthos,DESI,DES1OR,NA,6,NA,4,4,0,NA,NA
MIDSTORY,Fabaceae:Cae,Dialium,guianense,DIAG,DIALGU,NA,24,NA,2,2,0,NA,NA
LIANA,Dilleniaceae,Doliocarpus,dentatus,DOLD,DOLIDE,1,NA,NA,1,1,0,NA,NA
SHRUB,Fabaceae:Pap,Erythrina,costaricensi,ERYC,ERY1CO,NA,23,2,13,11,0,NA,NA
SHRUB,Erythroxylac,Erythroxylum,panamense,ERYP,ERY2PA,NA,2,NA,1,2,0,NA,NA
MIDSTORY,Annonaceae,Guatteria,amplifolia,GUAA,GUATAM,1,10,NA,6,6,0,NA,NA
UNDERSTORY,Malvaceae,Hampea,appendiculat,HAM2,HAMPAP,1,285,NA,32,106,0,NA,NA
SHRUB,Sterculiacea,Herrania,purpurea,HERP,HERRPU,NA,18,3,3,4,0,NA,NA
LIANA,Hippocrateac,Hylenaea,praecelsa,HYLP,HYLEPR,NA,2,NA,2,1,0,NA,NA
MIDSTORY,Fabaceae:Mim,Inga,ruiziana,INFA,INGARU,NA,25,NA,10,18,0,NA,NA
TREE,Fabaceae:Mim,Inga,multijuga,INM2,INGAM2,NA,NA,1,1,1,0,NA,NA
UNDERSTORY,Fabaceae:Mim,Inga,punctata,INPU,INGAPU,NA,26,NA,3,15,0,NA,NA
UNDERSTORY,Fabaceae:Mim,Inga,nobilis,INQU,INGAQU,1,11,NA,8,9,0,NA,NA
UNDERSTORY,Fabaceae:Mim,Inga,umbellifera,INUM,INGAUM,1,NA,3,3,3,0,NA,NA
TREE,Lythraceae,Lafoensia,punicifolia,LAFP,LAFOPU,NA,9,5,9,5,0,NA,NA
SHRUB,Solanaceae,Lycianthes,maxonii,LYCM,LYCIMA,NA,1,NA,1,1,0,NA,NA
UNDERSTORY,Rubiaceae,Macrocnemum,roseum,MACG,MACRGL,91,315,NA,10,4,0,NA,NA
LIANA,Fabaceae,Machaerium,kegelii,MACK,MACHKE,3,2,5,7,8,0,NA,NA
TREE,Sapotaceae,Manilkara,bidentata,MANB,MANIBI,NA,NA,1,1,1,0,NA,NA
SHRUB,Euphorbiacea,Margaritaria,nobilis,Mar-02,MARGNO,1,NA,NA,1,1,0,NA,NA
LIANA,Apocynaceae,Mesechites,trifida,MEST,MESETR,NA,16,NA,8,6,0,NA,NA
UNDERSTORY,Myrtaceae,Myrcia,gatunensis,MYRG,MYRCGA,NA,21,2,7,11,0,NA,NA
MIDSTORY,Lauraceae,Nectandra,purpurea,NECP,NECTPU,NA,2,NA,2,2,0,NA,NA
TREE,Bombacaceae,Ochroma,pyramidale,OCHP,OCHRPY,NA,920,NA,25,86,0,NA,NA
LIANA,Apocynaceae,Odontadenia,macrantha,ODOM,ODO1MA,NA,11,NA,5,9,0,NA,NA
LIANA,Apocynaceae,Odontadenia,puncticulosa,ODOP,ODO1PU,NA,18,1,10,15,0,NA,NA
UNDERSTORY,Moraceae,Trophis,caucana,OLMA,OLMEAS,3,50,2,12,17,0,NA,NA
LIANA,Sapindaceae,Paullinia,pinnata,PAU5,PAULPI,NA,3,NA,3,3,0,NA,NA
SHRUB,Rubiaceae,Pentagonia,macrophylla,PENM,PENTMA,NA,93,NA,7,9,0,NA,NA
UNDERSTORY,Moraceae,Perebea,xanthochyma,PERX,PEREXA,NA,16,1,10,9,0,NA,NA
TREE,Fabaceae:Mim,Abarema,macradenia,PITM,PIT1MA,10,4,NA,4,4,0,NA,NA
SHRUB,Rubiaceae,Posoqueria,latifolia,POSL,POSOLA,1,27,1,11,17,0,NA,NA
TREE,Sapotaceae,Pouteria,stipitata,POU2,POUTST,4,8,14,12,7,0,NA,NA
SHRUB,Piperaceae,Piper,cordulatum,PPCO,PIPECO,NA,NA,5,2,2,0,NA,NA
LIANA,Apocynaceae,Prestonia,portobellens,PREP,PRESPO,1,38,NA,19,28,0,NA,NA
UNDERSTORY,Myrtaceae,Psidium,friedrichsth,PSIF,PSIDFR,NA,6,NA,2,2,0,NA,NA
SHRUB,Rubiaceae,Psychotria,brachybotrya,PYB2,PSYCB2,NA,1,NA,1,1,0,NA,NA
SHRUB,Rubiaceae,Psychotria,deflexa,PYDE,PSYCDE,3,27,NA,8,16,0,NA,NA
SHRUB,Rubiaceae,Psychotria,tenuifolia,PYG2,PSYCG2,NA,13,NA,5,6,0,NA,NA
SHRUB,Rubiaceae,Psychotria,grandis,PYG3,PSYCG3,NA,35,NA,10,22,0,NA,NA
SHRUB,Rubiaceae,Psychotria,limonensis,PYLI,PSYCLI,4,15,NA,6,11,0,NA,NA
SHRUB,Rubiaceae,Psychotria,psychotriifo,PYPS,PSYCPS,NA,1,NA,1,1,0,NA,NA
SHRUB,Rubiaceae,Psychotria,racemosa,PYRA,PSYCRA,45,465,NA,17,56,0,NA,NA
TREE,Araliaceae,Schefflera,morototoni,SCHM,SCH2MO,13,700,NA,25,89,0,NA,NA
UNDERSTORY,Malpighiacea,Spachea,membranacea,SPAM,SPACME,NA,8,NA,5,6,0,NA,NA
TREE,Sterculiacea,Sterculia,apetala,STEA,STERAP,NA,44,NA,14,27,0,NA,NA
LIANA,Bignoniaceae,Stizophyllum,riparium,STIR,STIZRI,6,223,NA,29,47,0,NA,NA
LIANA,Loganiaceae,Strychnos,darienensis,STRD,STRYDA,1,7,1,7,8,0,NA,NA
UNDERSTORY,Myrsinaceae,Stylogyne,turbacensis,STYS,STYLST,2,30,NA,12,27,0,NA,NA
UNDERSTORY,Fabaceae:Pap,Swartzia,simplex_var.,SWA1,SWARS1,2,8,NA,5,5,0,NA,NA
TREE,Anacardiacea,Tapirira,guianensis,TAPG,TAPIGU,NA,1,NA,1,1,0,NA,NA
SHRUB,Apocynaceae,Thevetia,ahouai,THEA,THEVAH,NA,1,NA,1,1,0,NA,NA
UNDERSTORY,Rubiaceae,Tocoyena,pittieri,TOCP,TOCOPI,NA,58,NA,17,24,0,NA,NA
MIDSTORY,Meliaceae,Trichilia,pleeana,TRI2,TRI2PL,NA,18,7,7,11,0,NA,NA
UNDERSTORY,Staphyleacea,Turpinia,occidentalis,TURO,TURPOC,8,191,NA,16,33,0,NA,NA
SHRUB,Asteraceae,Vernonanthur,patens,VERP,VERNPA,1,8,NA,2,7,0,NA,NA
LIANA,Vitaceae,Vitis,tiliifolia,VITT,VITITI,11,24,NA,9,15,0,NA,NA
UNDERSTORY,Flacourtiace,Xylosma,oligandra,XYLO,XYL2OL,4,17,NA,2,4,0,NA,NA